"Lightness","Saturation","RMSE"
"dark","subdued",0.0455703048462571
"deep","bright",0.046097291164108
"light","muted",0.0311238368874628
"midtone","neutral",0.0261957796733856
"pale","shaded",0.0415759258005071
"saturated","muted",0.0265888923340632
"soft","neutral",0.0289677612731013
