"Lightness","Saturation","RMSE"
"dark","bright",0.132356465796797
"deep","pure",0.107355250664684
"light","bright",0.0479147846827542
"midtone","pure",0.0530899216787183
"pale","pure",0.04957041690468
"saturated","pure",0.0872960453260102
"soft","muted",0.0536572066144727
