"Model","RMSE"
"Linear Mod 4",0.0567453312928304
"GBM",0.0597238506179008
"Random Forest",0.068507487459969
"MARS",0.0713997914085062
"Elastic Net",0.0714778873717933
"Linear Mod 3",0.0806133690610444
"SVM",0.0996852441739394
"Linear Mod 2",0.129241498274995
"Linear Mod 1",0.406818113927617
"Neural Network",1.01392092319145
