"Model","AUC","Accuracy"
"rf_mod",0.896777524038462,0.859644797678107
"gbm_mod",0.892704377530364,0.852896696027809
"mars_mod",0.858052871963563,0.834266410178529
"glm_mod03",0.831870774291498,0.807883669130303
"enet_mod",0.827050797064777,0.821469305794607
"svm_mod",0.810382072368421,0.822774729168776
"glm_mod01",0.772544129554656,0.822708818467146
"glm_mod04",0.760416403087045,0.794010833248962
"glm_mod02",0.630192940283401,0.763813911106611
